<?xml version="1.0" encoding="UTF-8"?>
<project-private xmlns="http://www.netbeans.org/ns/project-private/1">
    <data xmlns="http://www.netbeans.org/ns/make-project-private/1">
        <activeConfTypeElem>1</activeConfTypeElem>
        <activeConfIndexElem>0</activeConfIndexElem>
    </data>
    <editor-bookmarks xmlns="http://www.netbeans.org/ns/editor-bookmarks/2" lastBookmarkId="0"/>
    <open-files xmlns="http://www.netbeans.org/ns/projectui-open-files/2">
        <group>
            <file>file:/home/stud/NetBeansProjects/Praktikum5/Position.cpp</file>
            <file>file:/home/stud/NetBeansProjects/Praktikum5/AttackController.cpp</file>
            <file>file:/home/stud/NetBeansProjects/Praktikum5/DungeonMap.cpp</file>
            <file>file:/home/stud/NetBeansProjects/Praktikum5/Position.h</file>
            <file>file:/home/stud/NetBeansProjects/Praktikum5/GameEngine.cpp</file>
            <file>file:/home/stud/NetBeansProjects/Praktikum5/main.cpp</file>
        </group>
    </open-files>
</project-private>
